order_item_id,order_id,product_id,quantity,unit_price
1,1001,P028,4,29.99
2,1001,P026,4,24.99
3,1001,P048,3,8.99
4,1002,P032,4,8.99
5,1002,P045,3,11.99
6,1003,P018,2,45.99
7,1003,P006,5,12.99
8,1003,P047,3,6.99
9,1003,P028,3,29.99
10,1003,P039,1,9.99
11,1004,P021,3,49.99
12,1005,P029,4,44.99
13,1005,P039,2,9.99
14,1005,P046,4,9.99
15,1006,P029,3,44.99
16,1006,P003,5,79.99
17,1006,P047,4,6.99
18,1007,P041,4,3.99
19,1007,P004,3,249.99
20,1007,P005,5,349.99
21,1008,P002,5,29.99
22,1008,P010,4,79.99
23,1009,P009,1,89.99
24,1010,P050,3,19.99
25,1010,P042,3,5.99
26,1011,P037,4,7.99
27,1011,P003,3,79.99
28,1011,P039,3,9.99
29,1011,P010,4,79.99
30,1012,P037,2,7.99
31,1013,P024,2,29.99
32,1013,P026,1,24.99
33,1013,P021,1,49.99
34,1013,P042,2,5.99
35,1013,P018,4,45.99
36,1014,P025,3,59.99
37,1014,P036,4,44.99
38,1014,P008,2,149.99
39,1014,P017,5,449.99
40,1014,P050,3,19.99
41,1015,P013,4,449.99
42,1015,P008,2,149.99
43,1015,P009,4,89.99
44,1015,P005,1,349.99
45,1016,P043,1,8.99
46,1016,P023,5,19.99
47,1016,P046,5,9.99
48,1017,P020,2,89.99
49,1017,P011,3,69.99
50,1017,P046,5,9.99
51,1018,P008,2,149.99
52,1018,P013,2,449.99
53,1019,P002,3,29.99
54,1019,P024,4,29.99
55,1019,P036,5,44.99
56,1019,P037,2,7.99
57,1020,P006,4,12.99
58,1020,P005,5,349.99
59,1020,P020,4,89.99
60,1020,P026,4,24.99
61,1020,P046,5,9.99
62,1021,P009,3,89.99
63,1022,P029,4,44.99
64,1023,P023,5,19.99
65,1023,P009,2,89.99
66,1023,P050,2,19.99
67,1023,P036,4,44.99
68,1023,P041,5,3.99
69,1024,P008,5,149.99
70,1025,P020,2,89.99
71,1025,P011,3,69.99
72,1026,P023,3,19.99
73,1026,P034,1,5.99
74,1027,P013,3,449.99
75,1027,P041,2,3.99
76,1027,P036,3,44.99
77,1028,P035,5,24.99
78,1028,P006,5,12.99
79,1028,P033,2,14.99
80,1028,P042,2,5.99
81,1028,P011,5,69.99
82,1029,P022,1,35.99
83,1029,P037,5,7.99
84,1029,P003,3,79.99
85,1029,P002,2,29.99
86,1029,P006,5,12.99
87,1030,P040,5,4.99
88,1030,P041,3,3.99
89,1030,P002,3,29.99
90,1030,P032,4,8.99
91,1031,P044,3,14.99
92,1031,P026,4,24.99
93,1032,P045,1,11.99
94,1033,P029,4,44.99
95,1033,P027,4,15.99
96,1034,P022,2,35.99
97,1034,P039,3,9.99
98,1035,P047,2,6.99
99,1035,P023,3,19.99
100,1035,P026,5,24.99
101,1036,P007,3,34.99
102,1036,P021,4,49.99
103,1036,P016,2,199.99
104,1036,P030,2,34.99
105,1036,P008,1,149.99
106,1037,P019,4,129.99
107,1038,P027,3,15.99
108,1038,P016,2,199.99
109,1038,P011,2,69.99
110,1038,P021,4,49.99
111,1038,P037,5,7.99
112,1039,P032,4,8.99
113,1039,P020,5,89.99
114,1039,P002,4,29.99
115,1039,P006,2,12.99
116,1040,P038,1,12.99
117,1040,P023,1,19.99
118,1041,P032,4,8.99
119,1041,P039,3,9.99
120,1041,P042,5,5.99
121,1042,P007,4,34.99
122,1043,P017,3,449.99
123,1043,P047,4,6.99
124,1044,P003,5,79.99
125,1044,P026,5,24.99
126,1044,P004,2,249.99
127,1045,P036,4,44.99
128,1045,P019,5,129.99
129,1045,P005,4,349.99
130,1046,P018,1,45.99
131,1046,P040,4,4.99
132,1046,P044,3,14.99
133,1046,P008,3,149.99
134,1046,P009,5,89.99
135,1047,P049,5,4.99
136,1047,P010,5,79.99
137,1047,P013,4,449.99
138,1048,P003,5,79.99
139,1048,P009,4,89.99
140,1048,P046,2,9.99
141,1048,P022,5,35.99
142,1048,P031,5,15.99
143,1049,P021,3,49.99
144,1049,P040,2,4.99
145,1050,P040,3,4.99
146,1050,P048,5,8.99
147,1050,P020,5,89.99
148,1050,P038,5,12.99
149,1051,P046,1,9.99
150,1051,P037,3,7.99
151,1051,P020,3,89.99
152,1051,P031,1,15.99
153,1052,P038,1,12.99
154,1052,P020,5,89.99
155,1052,P047,4,6.99
156,1052,P045,3,11.99
157,1053,P037,4,7.99
158,1053,P015,2,39.99
159,1053,P047,5,6.99
160,1053,P004,5,249.99
161,1053,P038,4,12.99
162,1054,P044,1,14.99
163,1054,P016,5,199.99
164,1055,P013,1,449.99
165,1056,P021,2,49.99
166,1056,P027,4,15.99
167,1056,P010,5,79.99
168,1056,P045,5,11.99
169,1057,P048,2,8.99
170,1057,P047,5,6.99
171,1057,P004,2,249.99
172,1057,P046,5,9.99
173,1058,P043,4,8.99
174,1058,P031,3,15.99
175,1058,P034,2,5.99
176,1059,P035,3,24.99
177,1059,P022,5,35.99
178,1059,P023,4,19.99
179,1059,P044,2,14.99
180,1060,P018,3,45.99
181,1060,P036,2,44.99
182,1061,P050,2,19.99
183,1061,P019,4,129.99
184,1061,P046,3,9.99
185,1062,P023,3,19.99
186,1062,P036,1,44.99
187,1062,P047,5,6.99
188,1062,P018,5,45.99
189,1063,P026,3,24.99
190,1063,P023,1,19.99
191,1063,P050,3,19.99
192,1063,P010,1,79.99
193,1064,P029,4,44.99
194,1064,P042,2,5.99
195,1064,P017,2,449.99
196,1065,P018,5,45.99
197,1065,P036,5,44.99
198,1065,P045,2,11.99
199,1065,P009,2,89.99
200,1065,P007,1,34.99
201,1066,P015,3,39.99
202,1066,P041,4,3.99
203,1066,P004,1,249.99
204,1066,P007,2,34.99
205,1066,P027,1,15.99
206,1067,P011,3,69.99
207,1067,P027,3,15.99
208,1067,P042,3,5.99
209,1067,P031,1,15.99
210,1067,P013,1,449.99
211,1068,P015,2,39.99
212,1068,P035,4,24.99
213,1068,P048,2,8.99
214,1068,P047,1,6.99
215,1068,P003,4,79.99
216,1069,P012,1,109.99
217,1069,P048,3,8.99
218,1069,P019,5,129.99
219,1069,P003,5,79.99
220,1070,P022,3,35.99
221,1071,P042,2,5.99
222,1071,P035,5,24.99
223,1071,P034,4,5.99
224,1071,P032,3,8.99
225,1072,P008,2,149.99
226,1072,P022,4,35.99
227,1073,P046,3,9.99
228,1073,P012,3,109.99
229,1073,P001,5,899.99
230,1074,P012,4,109.99
231,1074,P040,4,4.99
232,1075,P021,2,49.99
233,1075,P006,2,12.99
234,1075,P026,4,24.99
235,1075,P043,3,8.99
236,1075,P007,2,34.99
237,1076,P017,4,449.99
238,1077,P029,3,44.99
239,1077,P049,3,4.99
240,1078,P038,1,12.99
241,1078,P047,3,6.99
242,1078,P037,3,7.99
243,1079,P004,1,249.99
244,1079,P043,4,8.99
245,1080,P011,5,69.99
246,1080,P026,3,24.99
247,1080,P044,1,14.99
248,1081,P024,2,29.99
249,1081,P040,2,4.99
250,1081,P015,4,39.99
251,1082,P030,5,34.99
252,1082,P048,3,8.99
253,1083,P045,5,11.99
254,1083,P036,2,44.99
255,1083,P031,2,15.99
256,1083,P049,5,4.99
257,1084,P034,4,5.99
258,1085,P046,1,9.99
259,1085,P024,5,29.99
260,1085,P005,5,349.99
261,1085,P037,2,7.99
262,1085,P008,5,149.99
263,1086,P010,1,79.99
264,1086,P011,2,69.99
265,1086,P021,5,49.99
266,1086,P034,4,5.99
267,1086,P029,1,44.99
268,1087,P029,4,44.99
269,1087,P004,4,249.99
270,1087,P030,5,34.99
271,1087,P009,1,89.99
272,1087,P033,5,14.99
273,1088,P044,4,14.99
274,1088,P020,3,89.99
275,1088,P047,1,6.99
276,1088,P002,2,29.99
277,1089,P005,1,349.99
278,1089,P003,5,79.99
279,1089,P028,1,29.99
280,1089,P023,1,19.99
281,1089,P045,4,11.99
282,1090,P019,4,129.99
283,1091,P050,4,19.99
284,1091,P009,3,89.99
285,1092,P029,5,44.99
286,1092,P025,2,59.99
287,1092,P006,3,12.99
288,1092,P044,1,14.99
289,1093,P035,5,24.99
290,1093,P026,2,24.99
291,1094,P001,1,899.99
292,1094,P049,3,4.99
293,1095,P044,5,14.99
294,1095,P047,4,6.99
295,1095,P035,2,24.99
296,1095,P028,2,29.99
297,1096,P023,1,19.99
298,1096,P010,1,79.99
299,1096,P018,4,45.99
300,1096,P013,5,449.99
301,1097,P016,2,199.99
302,1098,P007,5,34.99
303,1099,P029,5,44.99
304,1100,P016,1,199.99
305,1101,P029,1,44.99
306,1101,P015,2,39.99
307,1101,P035,5,24.99
308,1101,P014,3,24.99
309,1102,P047,3,6.99
310,1102,P037,5,7.99
311,1103,P050,2,19.99
312,1103,P044,5,14.99
313,1103,P021,2,49.99
314,1103,P016,4,199.99
315,1103,P020,3,89.99
316,1104,P004,2,249.99
317,1104,P036,4,44.99
318,1104,P038,5,12.99
319,1105,P004,4,249.99
320,1105,P023,5,19.99
321,1105,P042,3,5.99
322,1105,P043,4,8.99
323,1106,P010,5,79.99
324,1106,P020,4,89.99
325,1106,P025,2,59.99
326,1106,P012,2,109.99
327,1107,P046,1,9.99
328,1107,P010,5,79.99
329,1107,P030,4,34.99
330,1108,P036,2,44.99
331,1108,P034,3,5.99
332,1108,P009,2,89.99
333,1108,P025,3,59.99
334,1109,P029,3,44.99
335,1110,P035,2,24.99
336,1111,P018,4,45.99
337,1112,P039,5,9.99
338,1112,P003,5,79.99
339,1112,P005,2,349.99
340,1112,P013,4,449.99
341,1112,P049,2,4.99
342,1113,P020,2,89.99
343,1113,P001,1,899.99
344,1113,P014,4,24.99
345,1114,P045,2,11.99
346,1114,P039,4,9.99
347,1115,P036,3,44.99
348,1115,P021,4,49.99
349,1116,P035,3,24.99
350,1116,P042,3,5.99
351,1116,P023,5,19.99
352,1116,P020,4,89.99
353,1117,P007,3,34.99
354,1117,P047,2,6.99
355,1117,P031,3,15.99
356,1117,P049,3,4.99
357,1118,P003,2,79.99
358,1118,P037,1,7.99
359,1118,P015,3,39.99
360,1118,P048,5,8.99
361,1119,P038,2,12.99
362,1119,P047,3,6.99
363,1119,P027,2,15.99
364,1119,P019,4,129.99
365,1119,P010,5,79.99
366,1120,P032,3,8.99
367,1120,P036,3,44.99
368,1121,P047,4,6.99
369,1121,P042,2,5.99
370,1121,P048,3,8.99
371,1121,P032,2,8.99
372,1122,P047,4,6.99
373,1122,P035,2,24.99
374,1123,P042,1,5.99
375,1123,P004,1,249.99
376,1123,P034,4,5.99
377,1123,P003,2,79.99
378,1123,P005,2,349.99
379,1124,P046,2,9.99
380,1125,P014,5,24.99
381,1126,P024,5,29.99
382,1126,P004,4,249.99
383,1126,P040,4,4.99
384,1126,P041,1,3.99
385,1127,P035,5,24.99
386,1128,P001,3,899.99
387,1128,P002,5,29.99
388,1128,P034,3,5.99
389,1128,P047,1,6.99
390,1129,P045,1,11.99
391,1129,P044,5,14.99
392,1129,P028,2,29.99
393,1129,P012,2,109.99
394,1129,P007,2,34.99
395,1130,P034,1,5.99
396,1130,P017,3,449.99
397,1130,P023,4,19.99
398,1130,P018,4,45.99
399,1130,P026,5,24.99
400,1131,P045,3,11.99
401,1131,P015,1,39.99
402,1132,P006,4,12.99
403,1133,P025,1,59.99
404,1133,P036,2,44.99
405,1133,P031,1,15.99
406,1133,P004,4,249.99
407,1134,P042,5,5.99
408,1134,P022,1,35.99
409,1134,P037,2,7.99
410,1134,P007,2,34.99
411,1135,P031,3,15.99
412,1135,P018,5,45.99
413,1135,P003,5,79.99
414,1135,P005,1,349.99
415,1135,P044,2,14.99
416,1136,P002,2,29.99
417,1136,P014,4,24.99
418,1136,P038,1,12.99
419,1137,P011,5,69.99
420,1137,P037,4,7.99
421,1137,P016,5,199.99
422,1138,P025,2,59.99
423,1138,P049,1,4.99
424,1138,P048,5,8.99
425,1139,P004,2,249.99
426,1139,P007,1,34.99
427,1139,P028,3,29.99
428,1140,P050,1,19.99
429,1140,P040,3,4.99
430,1140,P039,4,9.99
431,1140,P026,4,24.99
432,1140,P021,2,49.99
433,1141,P036,2,44.99
434,1141,P025,5,59.99
435,1141,P028,4,29.99
436,1142,P050,5,19.99
437,1143,P016,1,199.99
438,1143,P046,3,9.99
439,1143,P005,2,349.99
440,1144,P046,4,9.99
441,1144,P041,3,3.99
442,1144,P010,3,79.99
443,1144,P048,1,8.99
444,1145,P001,3,899.99
445,1146,P024,2,29.99
446,1146,P049,1,4.99
447,1146,P018,2,45.99
448,1146,P007,4,34.99
449,1147,P036,1,44.99
450,1147,P033,1,14.99
451,1147,P027,3,15.99
452,1147,P007,5,34.99
453,1148,P039,5,9.99
454,1149,P025,4,59.99
455,1149,P001,4,899.99
456,1149,P019,1,129.99
457,1150,P016,4,199.99
458,1150,P037,2,7.99
459,1150,P034,2,5.99
460,1150,P011,3,69.99
461,1150,P044,3,14.99
462,1151,P032,2,8.99
463,1151,P010,4,79.99
464,1151,P005,3,349.99
465,1152,P020,3,89.99
466,1152,P031,2,15.99
467,1152,P005,4,349.99
468,1152,P024,5,29.99
469,1153,P013,1,449.99
470,1153,P030,4,34.99
471,1153,P007,3,34.99
472,1153,P009,5,89.99
473,1153,P020,4,89.99
474,1154,P029,5,44.99
475,1154,P022,2,35.99
476,1154,P028,3,29.99
477,1155,P039,4,9.99
478,1155,P045,3,11.99
479,1155,P013,2,449.99
480,1156,P021,4,49.99
481,1156,P019,5,129.99
482,1156,P048,2,8.99
483,1156,P045,3,11.99
484,1157,P018,5,45.99
485,1157,P026,2,24.99
486,1157,P024,5,29.99
487,1157,P008,5,149.99
488,1158,P044,5,14.99
489,1158,P050,1,19.99
490,1159,P046,1,9.99
491,1159,P014,4,24.99
492,1159,P029,4,44.99
493,1159,P019,2,129.99
494,1160,P016,2,199.99
495,1160,P017,4,449.99
496,1160,P043,4,8.99
497,1161,P029,5,44.99
498,1162,P038,4,12.99
499,1162,P026,5,24.99
500,1162,P035,1,24.99
501,1162,P033,3,14.99
502,1163,P039,2,9.99
503,1163,P041,3,3.99
504,1163,P006,2,12.99
505,1163,P007,5,34.99
506,1163,P050,1,19.99
507,1164,P042,4,5.99
508,1164,P044,1,14.99
509,1164,P026,1,24.99
510,1164,P049,1,4.99
511,1164,P022,3,35.99
512,1165,P033,5,14.99
513,1165,P048,5,8.99
514,1166,P045,4,11.99
515,1166,P037,4,7.99
516,1166,P015,5,39.99
517,1166,P029,5,44.99
518,1166,P024,2,29.99
519,1167,P002,3,29.99
520,1167,P031,4,15.99
521,1167,P007,1,34.99
522,1168,P047,2,6.99
523,1169,P020,2,89.99
524,1169,P022,5,35.99
525,1169,P030,4,34.99
526,1170,P031,4,15.99
527,1170,P007,3,34.99
528,1170,P029,1,44.99
529,1171,P003,1,79.99
530,1171,P046,3,9.99
531,1171,P008,1,149.99
532,1172,P048,5,8.99
533,1172,P016,2,199.99
534,1173,P011,2,69.99
535,1173,P022,4,35.99
536,1173,P036,2,44.99
537,1173,P028,2,29.99
538,1173,P030,4,34.99
539,1174,P002,4,29.99
540,1174,P048,5,8.99
541,1174,P040,4,4.99
542,1174,P013,4,449.99
543,1175,P046,2,9.99
544,1176,P018,1,45.99
545,1176,P049,5,4.99
546,1177,P035,2,24.99
547,1178,P021,1,49.99
548,1178,P013,3,449.99
549,1178,P030,4,34.99
550,1179,P041,4,3.99
551,1179,P021,5,49.99
552,1179,P039,1,9.99
553,1179,P025,3,59.99
554,1179,P040,3,4.99
555,1180,P040,3,4.99
556,1180,P012,5,109.99
557,1180,P044,5,14.99
558,1180,P046,1,9.99
559,1181,P021,2,49.99
560,1181,P008,3,149.99
561,1182,P012,3,109.99
562,1183,P033,4,14.99
563,1183,P025,5,59.99
564,1184,P037,4,7.99
565,1184,P025,2,59.99
566,1185,P041,2,3.99
567,1185,P035,5,24.99
568,1185,P045,2,11.99
569,1185,P042,4,5.99
570,1186,P009,4,89.99
571,1186,P012,5,109.99
572,1186,P021,1,49.99
573,1187,P001,2,899.99
574,1187,P032,4,8.99
575,1187,P009,5,89.99
576,1188,P042,4,5.99
577,1188,P032,4,8.99
578,1188,P027,2,15.99
579,1188,P044,1,14.99
580,1188,P046,5,9.99
581,1189,P049,2,4.99
582,1190,P003,5,79.99
583,1190,P018,3,45.99
584,1190,P015,2,39.99
585,1191,P037,5,7.99
586,1191,P048,5,8.99
587,1191,P050,1,19.99
588,1191,P032,5,8.99
589,1192,P018,5,45.99
590,1193,P035,4,24.99
591,1193,P049,5,4.99
592,1193,P003,2,79.99
593,1194,P007,2,34.99
594,1194,P048,3,8.99
595,1194,P042,1,5.99
596,1194,P049,4,4.99
597,1195,P023,1,19.99
598,1195,P006,2,12.99
599,1195,P029,2,44.99
600,1196,P045,4,11.99
601,1196,P023,2,19.99
602,1196,P046,5,9.99
603,1196,P040,2,4.99
604,1196,P041,2,3.99
605,1197,P004,3,249.99
606,1197,P037,5,7.99
607,1198,P039,3,9.99
608,1198,P035,3,24.99
609,1198,P011,3,69.99
610,1199,P018,4,45.99
611,1199,P033,1,14.99
612,1199,P044,3,14.99
613,1199,P007,2,34.99
614,1199,P009,2,89.99
615,1200,P010,3,79.99
616,1200,P046,2,9.99
617,1201,P032,3,8.99
618,1201,P010,4,79.99
619,1201,P037,4,7.99
620,1201,P041,4,3.99
621,1202,P041,1,3.99
622,1203,P033,3,14.99
623,1203,P048,4,8.99
624,1203,P018,4,45.99
625,1203,P045,3,11.99
626,1204,P001,3,899.99
627,1204,P050,1,19.99
628,1204,P047,5,6.99
629,1204,P006,4,12.99
630,1204,P030,2,34.99
631,1205,P014,3,24.99
632,1205,P032,3,8.99
633,1205,P018,5,45.99
634,1205,P021,5,49.99
635,1206,P037,3,7.99
636,1206,P032,1,8.99
637,1207,P007,4,34.99
638,1208,P008,2,149.99
639,1209,P030,2,34.99
640,1209,P001,3,899.99
641,1209,P028,2,29.99
642,1209,P013,3,449.99
643,1210,P042,3,5.99
644,1211,P006,2,12.99
645,1211,P024,1,29.99
646,1211,P043,4,8.99
647,1212,P047,2,6.99
648,1212,P045,4,11.99
649,1212,P049,1,4.99
650,1213,P001,2,899.99
651,1214,P005,5,349.99
652,1214,P009,4,89.99
653,1214,P038,1,12.99
654,1214,P015,1,39.99
655,1215,P008,2,149.99
656,1215,P028,4,29.99
657,1215,P045,1,11.99
658,1216,P025,1,59.99
659,1216,P006,1,12.99
660,1217,P024,4,29.99
661,1217,P020,2,89.99
662,1217,P009,2,89.99
663,1218,P034,5,5.99
664,1219,P040,2,4.99
665,1220,P023,2,19.99
666,1220,P047,4,6.99
667,1220,P014,5,24.99
668,1220,P041,4,3.99
669,1221,P006,2,12.99
670,1221,P007,1,34.99
671,1222,P047,2,6.99
672,1222,P025,2,59.99
673,1222,P023,3,19.99
674,1222,P028,1,29.99
675,1222,P021,2,49.99
676,1223,P039,1,9.99
677,1223,P047,3,6.99
678,1223,P019,2,129.99
679,1223,P050,5,19.99
680,1223,P045,5,11.99
681,1224,P013,1,449.99
682,1224,P048,2,8.99
683,1224,P026,4,24.99
684,1224,P019,4,129.99
685,1224,P042,1,5.99
686,1225,P032,5,8.99
687,1225,P041,1,3.99
688,1226,P001,5,899.99
689,1226,P024,4,29.99
690,1226,P021,3,49.99
691,1226,P009,5,89.99
692,1226,P025,2,59.99
693,1227,P050,1,19.99
694,1227,P005,1,349.99
695,1227,P002,3,29.99
696,1227,P038,2,12.99
697,1228,P004,4,249.99
698,1229,P019,4,129.99
699,1229,P041,4,3.99
700,1229,P046,4,9.99
701,1229,P033,1,14.99
702,1229,P050,5,19.99
703,1230,P040,1,4.99
704,1230,P010,5,79.99
705,1230,P018,2,45.99
706,1230,P006,2,12.99
707,1230,P020,5,89.99
708,1231,P026,1,24.99
709,1231,P038,3,12.99
710,1231,P041,4,3.99
711,1232,P004,1,249.99
712,1232,P016,4,199.99
713,1233,P030,5,34.99
714,1234,P004,1,249.99
715,1234,P020,1,89.99
716,1234,P043,2,8.99
717,1234,P048,1,8.99
718,1234,P012,2,109.99
719,1235,P023,2,19.99
720,1235,P034,3,5.99
721,1235,P047,2,6.99
722,1235,P017,3,449.99
723,1236,P050,1,19.99
724,1237,P028,1,29.99
725,1237,P018,3,45.99
726,1237,P034,5,5.99
727,1238,P032,4,8.99
728,1239,P024,3,29.99
729,1239,P004,2,249.99
730,1239,P032,3,8.99
731,1239,P037,1,7.99
732,1239,P011,5,69.99
733,1240,P015,5,39.99
734,1241,P003,1,79.99
735,1242,P003,3,79.99
736,1242,P031,4,15.99
737,1243,P012,5,109.99
738,1243,P003,4,79.99
739,1244,P021,4,49.99
740,1244,P016,3,199.99
741,1245,P005,1,349.99
742,1245,P037,5,7.99
743,1245,P024,1,29.99
744,1246,P015,1,39.99
745,1246,P034,4,5.99
746,1247,P030,3,34.99
747,1248,P021,4,49.99
748,1248,P006,1,12.99
749,1248,P036,3,44.99
750,1249,P019,3,129.99
751,1249,P037,5,7.99
752,1250,P030,5,34.99
753,1250,P024,4,29.99
754,1251,P047,2,6.99
755,1251,P035,2,24.99
756,1252,P027,1,15.99
757,1253,P035,1,24.99
758,1253,P023,3,19.99
759,1254,P049,4,4.99
760,1255,P007,2,34.99
761,1255,P014,4,24.99
762,1255,P034,4,5.99
763,1256,P010,3,79.99
764,1257,P003,2,79.99
765,1258,P027,1,15.99
766,1258,P045,5,11.99
767,1258,P024,1,29.99
768,1258,P030,5,34.99
769,1258,P048,2,8.99
770,1259,P005,4,349.99
771,1259,P038,2,12.99
772,1259,P037,2,7.99
773,1259,P004,3,249.99
774,1260,P021,3,49.99
775,1260,P026,3,24.99
776,1260,P045,4,11.99
777,1261,P015,2,39.99
778,1261,P005,5,349.99
779,1261,P013,1,449.99
780,1262,P007,4,34.99
781,1262,P011,4,69.99
782,1263,P027,3,15.99
783,1263,P008,2,149.99
784,1263,P035,4,24.99
785,1264,P030,1,34.99
786,1264,P017,2,449.99
787,1264,P008,3,149.99
788,1265,P003,2,79.99
789,1265,P014,3,24.99
790,1265,P021,4,49.99
791,1265,P010,5,79.99
792,1265,P006,1,12.99
793,1266,P017,4,449.99
794,1266,P012,4,109.99
795,1266,P002,5,29.99
796,1267,P016,1,199.99
797,1267,P007,1,34.99
798,1267,P030,2,34.99
799,1267,P009,2,89.99
800,1267,P008,2,149.99
801,1268,P024,1,29.99
802,1268,P044,5,14.99
803,1268,P041,5,3.99
804,1268,P042,3,5.99
805,1269,P002,1,29.99
806,1270,P042,2,5.99
807,1270,P029,1,44.99
808,1271,P008,1,149.99
809,1271,P003,2,79.99
810,1271,P030,5,34.99
811,1272,P047,4,6.99
812,1272,P026,4,24.99
813,1272,P032,2,8.99
814,1272,P002,3,29.99
815,1273,P012,3,109.99
816,1273,P018,4,45.99
817,1274,P003,5,79.99
818,1274,P040,5,4.99
819,1275,P042,4,5.99
820,1275,P019,4,129.99
821,1276,P031,2,15.99
822,1276,P004,4,249.99
823,1276,P006,2,12.99
824,1276,P018,5,45.99
825,1276,P025,2,59.99
826,1277,P002,5,29.99
827,1277,P025,4,59.99
828,1277,P046,3,9.99
829,1277,P023,5,19.99
830,1277,P031,5,15.99
831,1278,P025,1,59.99
832,1278,P018,3,45.99
833,1278,P012,5,109.99
834,1279,P002,3,29.99
835,1279,P050,1,19.99
836,1280,P034,2,5.99
837,1280,P023,2,19.99
838,1280,P050,1,19.99
839,1280,P038,2,12.99
840,1281,P018,1,45.99
841,1281,P035,2,24.99
842,1282,P025,3,59.99
843,1282,P023,3,19.99
844,1282,P012,5,109.99
845,1282,P016,1,199.99
846,1282,P038,3,12.99
847,1283,P037,3,7.99
848,1283,P010,2,79.99
849,1283,P013,4,449.99
850,1283,P032,1,8.99
851,1283,P035,1,24.99
852,1284,P015,5,39.99
853,1285,P002,4,29.99
854,1285,P034,1,5.99
855,1286,P040,3,4.99
856,1286,P013,2,449.99
857,1286,P009,3,89.99
858,1287,P002,2,29.99
859,1288,P046,3,9.99
860,1288,P010,1,79.99
861,1288,P050,3,19.99
862,1288,P008,4,149.99
863,1288,P034,5,5.99
864,1289,P022,3,35.99
865,1290,P009,4,89.99
866,1290,P011,4,69.99
867,1290,P047,3,6.99
868,1291,P046,5,9.99
869,1291,P036,3,44.99
870,1292,P043,2,8.99
871,1292,P038,4,12.99
872,1293,P047,2,6.99
873,1293,P045,2,11.99
874,1293,P019,1,129.99
875,1294,P026,5,24.99
876,1294,P050,3,19.99
877,1294,P037,5,7.99
878,1294,P003,2,79.99
879,1294,P012,5,109.99
880,1295,P032,2,8.99
881,1296,P048,3,8.99
882,1296,P005,3,349.99
883,1296,P016,2,199.99
884,1297,P046,3,9.99
885,1298,P001,1,899.99
886,1298,P017,3,449.99
887,1298,P014,3,24.99
888,1298,P016,1,199.99
889,1299,P004,4,249.99
890,1300,P047,4,6.99
891,1300,P027,3,15.99
892,1300,P011,5,69.99
893,1300,P032,4,8.99
894,1301,P031,5,15.99
895,1302,P011,1,69.99
896,1302,P029,1,44.99
897,1303,P002,1,29.99
898,1303,P021,1,49.99
899,1303,P017,3,449.99
900,1304,P025,1,59.99
901,1304,P011,5,69.99
902,1305,P022,5,35.99
903,1306,P031,2,15.99
904,1306,P046,5,9.99
905,1306,P002,4,29.99
906,1306,P028,2,29.99
907,1306,P042,1,5.99
908,1307,P022,2,35.99
909,1308,P027,5,15.99
910,1308,P045,5,11.99
911,1309,P043,2,8.99
912,1309,P019,1,129.99
913,1309,P020,1,89.99
914,1310,P037,1,7.99
915,1310,P036,3,44.99
916,1310,P032,1,8.99
917,1310,P010,4,79.99
918,1311,P019,5,129.99
919,1312,P013,2,449.99
920,1312,P007,3,34.99
921,1312,P002,1,29.99
922,1312,P014,4,24.99
923,1313,P020,4,89.99
924,1314,P032,5,8.99
925,1314,P043,4,8.99
926,1314,P017,2,449.99
927,1314,P006,3,12.99
928,1315,P024,3,29.99
929,1315,P012,4,109.99
930,1315,P029,4,44.99
931,1315,P003,3,79.99
932,1316,P018,1,45.99
933,1316,P037,2,7.99
934,1317,P006,3,12.99
935,1318,P027,1,15.99
936,1318,P049,4,4.99
937,1318,P038,5,12.99
938,1318,P015,4,39.99
939,1318,P036,5,44.99
940,1319,P037,1,7.99
941,1319,P016,4,199.99
942,1319,P031,1,15.99
943,1319,P020,5,89.99
944,1320,P034,1,5.99
945,1320,P037,4,7.99
946,1320,P044,2,14.99
947,1320,P040,2,4.99
948,1320,P010,2,79.99
949,1321,P009,4,89.99
950,1321,P003,1,79.99
951,1322,P013,3,449.99
952,1322,P041,3,3.99
953,1322,P010,1,79.99
954,1322,P039,1,9.99
955,1323,P036,5,44.99
956,1323,P026,4,24.99
957,1323,P021,1,49.99
958,1323,P018,5,45.99
959,1324,P034,5,5.99
960,1324,P027,5,15.99
961,1324,P008,1,149.99
962,1324,P010,1,79.99
963,1324,P037,5,7.99
964,1325,P019,5,129.99
965,1326,P027,4,15.99
966,1326,P017,5,449.99
967,1326,P025,5,59.99
968,1327,P003,2,79.99
969,1327,P012,5,109.99
970,1327,P018,5,45.99
971,1327,P026,4,24.99
972,1328,P026,3,24.99
973,1329,P004,4,249.99
974,1329,P048,3,8.99
975,1330,P002,3,29.99
976,1330,P022,3,35.99
977,1330,P020,4,89.99
978,1331,P015,2,39.99
979,1332,P048,3,8.99
980,1332,P029,3,44.99
981,1332,P050,4,19.99
982,1333,P042,4,5.99
983,1333,P006,4,12.99
984,1333,P013,5,449.99
985,1333,P029,3,44.99
986,1333,P014,1,24.99
987,1334,P011,4,69.99
988,1334,P005,2,349.99
989,1334,P020,5,89.99
990,1334,P046,5,9.99
991,1334,P033,1,14.99
992,1335,P013,2,449.99
993,1335,P004,1,249.99
994,1336,P004,3,249.99
995,1336,P024,3,29.99
996,1336,P046,4,9.99
997,1336,P013,5,449.99
998,1337,P041,2,3.99
999,1337,P008,3,149.99
1000,1337,P044,4,14.99
1001,1337,P002,5,29.99
1002,1338,P012,3,109.99
1003,1338,P031,3,15.99
1004,1338,P038,2,12.99
1005,1338,P036,3,44.99
1006,1339,P019,1,129.99
1007,1340,P004,2,249.99
1008,1340,P011,2,69.99
1009,1340,P037,2,7.99
1010,1340,P050,2,19.99
1011,1341,P042,1,5.99
1012,1341,P027,1,15.99
1013,1341,P033,4,14.99
1014,1342,P042,5,5.99
1015,1342,P012,1,109.99
1016,1343,P017,3,449.99
1017,1343,P039,3,9.99
1018,1344,P025,2,59.99
1019,1344,P023,4,19.99
1020,1344,P030,3,34.99
1021,1344,P017,5,449.99
1022,1345,P026,3,24.99
1023,1345,P038,5,12.99
1024,1345,P007,5,34.99
1025,1345,P001,5,899.99
1026,1345,P033,3,14.99
1027,1346,P044,1,14.99
1028,1346,P007,3,34.99
1029,1346,P031,3,15.99
1030,1347,P018,3,45.99
1031,1347,P017,2,449.99
1032,1347,P042,2,5.99
1033,1348,P049,3,4.99
1034,1348,P016,2,199.99
1035,1348,P004,1,249.99
1036,1348,P039,4,9.99
1037,1348,P026,3,24.99
1038,1349,P027,1,15.99
1039,1349,P026,5,24.99
1040,1349,P025,5,59.99
1041,1350,P022,2,35.99
1042,1350,P047,5,6.99
1043,1351,P043,2,8.99
1044,1351,P023,5,19.99
1045,1351,P033,2,14.99
1046,1351,P020,3,89.99
1047,1352,P031,2,15.99
1048,1353,P047,2,6.99
1049,1353,P036,3,44.99
1050,1353,P049,1,4.99
1051,1354,P023,3,19.99
1052,1354,P015,4,39.99
1053,1355,P024,3,29.99
1054,1355,P017,4,449.99
1055,1355,P038,1,12.99
1056,1356,P004,1,249.99
1057,1356,P041,4,3.99
1058,1356,P038,2,12.99
1059,1356,P040,5,4.99
1060,1357,P044,4,14.99
1061,1358,P020,2,89.99
1062,1358,P027,3,15.99
1063,1358,P004,4,249.99
1064,1358,P010,5,79.99
1065,1358,P009,4,89.99
1066,1359,P021,2,49.99
1067,1359,P046,1,9.99
1068,1360,P022,1,35.99
1069,1360,P041,1,3.99
1070,1360,P012,4,109.99
1071,1360,P021,3,49.99
1072,1361,P049,2,4.99
1073,1361,P050,5,19.99
1074,1362,P032,1,8.99
1075,1362,P049,2,4.99
1076,1363,P028,1,29.99
1077,1363,P041,1,3.99
1078,1363,P026,5,24.99
1079,1363,P031,2,15.99
1080,1363,P025,3,59.99
1081,1364,P021,5,49.99
1082,1365,P002,1,29.99
1083,1365,P044,2,14.99
1084,1366,P045,3,11.99
1085,1366,P023,2,19.99
1086,1367,P025,5,59.99
1087,1368,P020,4,89.99
1088,1368,P011,5,69.99
1089,1368,P005,5,349.99
1090,1368,P003,5,79.99
1091,1368,P019,3,129.99
1092,1369,P044,3,14.99
1093,1369,P009,2,89.99
1094,1369,P022,2,35.99
1095,1369,P032,4,8.99
1096,1370,P015,2,39.99
1097,1371,P014,1,24.99
1098,1371,P047,5,6.99
1099,1372,P011,1,69.99
1100,1372,P008,4,149.99
1101,1372,P024,3,29.99
1102,1372,P046,5,9.99
1103,1372,P042,5,5.99
1104,1373,P039,1,9.99
1105,1374,P042,1,5.99
1106,1375,P045,1,11.99
1107,1376,P029,3,44.99
1108,1376,P025,4,59.99
1109,1376,P008,2,149.99
1110,1376,P036,2,44.99
1111,1377,P020,4,89.99
1112,1378,P043,5,8.99
1113,1379,P040,2,4.99
1114,1379,P039,4,9.99
1115,1379,P045,1,11.99
1116,1380,P047,4,6.99
1117,1380,P040,2,4.99
1118,1380,P008,5,149.99
1119,1380,P019,2,129.99
1120,1380,P007,3,34.99
1121,1381,P013,2,449.99
1122,1381,P023,1,19.99
1123,1381,P046,5,9.99
1124,1381,P027,4,15.99
1125,1381,P019,2,129.99
1126,1382,P022,1,35.99
1127,1382,P016,1,199.99
1128,1382,P001,5,899.99
1129,1382,P043,4,8.99
1130,1383,P006,5,12.99
1131,1383,P050,1,19.99
1132,1384,P017,2,449.99
1133,1385,P019,1,129.99
1134,1385,P017,2,449.99
1135,1385,P030,1,34.99
1136,1385,P004,3,249.99
1137,1386,P044,1,14.99
1138,1386,P021,1,49.99
1139,1386,P028,1,29.99
1140,1387,P009,2,89.99
1141,1388,P023,3,19.99
1142,1388,P029,1,44.99
1143,1388,P040,3,4.99
1144,1389,P012,4,109.99
1145,1389,P008,4,149.99
1146,1389,P026,3,24.99
1147,1390,P045,2,11.99
1148,1390,P031,1,15.99
1149,1390,P027,2,15.99
1150,1390,P042,1,5.99
1151,1391,P007,5,34.99
1152,1391,P027,4,15.99
1153,1392,P044,3,14.99
1154,1392,P029,5,44.99
1155,1392,P012,1,109.99
1156,1392,P040,2,4.99
1157,1392,P025,4,59.99
1158,1393,P008,1,149.99
1159,1393,P027,3,15.99
1160,1393,P029,3,44.99
1161,1393,P003,1,79.99
1162,1394,P050,3,19.99
1163,1394,P048,5,8.99
1164,1394,P037,5,7.99
1165,1394,P047,5,6.99
1166,1394,P015,1,39.99
1167,1395,P043,3,8.99
1168,1395,P047,4,6.99
1169,1395,P016,2,199.99
1170,1395,P031,5,15.99
1171,1396,P004,4,249.99
1172,1396,P001,4,899.99
1173,1396,P042,2,5.99
1174,1396,P011,1,69.99
1175,1396,P033,4,14.99
1176,1397,P016,1,199.99
1177,1397,P022,5,35.99
1178,1397,P018,2,45.99
1179,1398,P042,4,5.99
1180,1398,P025,4,59.99
1181,1398,P026,5,24.99
1182,1398,P016,4,199.99
1183,1398,P006,1,12.99
1184,1399,P029,1,44.99
1185,1399,P021,1,49.99
1186,1399,P008,4,149.99
1187,1399,P032,4,8.99
1188,1400,P036,5,44.99
1189,1401,P006,5,12.99
1190,1402,P041,4,3.99
1191,1402,P020,3,89.99
1192,1402,P033,3,14.99
1193,1402,P036,1,44.99
1194,1402,P014,2,24.99
1195,1403,P022,5,35.99
1196,1403,P036,4,44.99
1197,1403,P050,3,19.99
1198,1403,P040,4,4.99
1199,1404,P007,2,34.99
1200,1405,P022,3,35.99
1201,1406,P036,1,44.99
1202,1406,P034,1,5.99
1203,1406,P024,2,29.99
1204,1407,P009,4,89.99
1205,1407,P046,1,9.99
1206,1407,P048,3,8.99
1207,1407,P047,5,6.99
1208,1408,P013,4,449.99
1209,1408,P008,2,149.99
1210,1409,P013,4,449.99
1211,1409,P046,1,9.99
1212,1409,P022,5,35.99
1213,1409,P007,1,34.99
1214,1410,P030,2,34.99
1215,1410,P043,4,8.99
1216,1410,P038,1,12.99
1217,1410,P033,5,14.99
1218,1411,P036,4,44.99
1219,1412,P031,5,15.99
1220,1412,P033,2,14.99
1221,1412,P050,2,19.99
1222,1412,P012,1,109.99
1223,1412,P045,4,11.99
1224,1413,P039,5,9.99
1225,1413,P021,2,49.99
1226,1413,P033,3,14.99
1227,1413,P025,4,59.99
1228,1413,P027,3,15.99
1229,1414,P029,5,44.99
1230,1414,P009,5,89.99
1231,1414,P027,3,15.99
1232,1415,P021,2,49.99
1233,1415,P046,2,9.99
1234,1415,P048,2,8.99
1235,1415,P036,5,44.99
1236,1415,P041,3,3.99
1237,1416,P044,2,14.99
1238,1416,P009,5,89.99
1239,1416,P046,5,9.99
1240,1417,P046,3,9.99
1241,1417,P008,5,149.99
1242,1417,P049,4,4.99
1243,1418,P037,5,7.99
1244,1418,P043,3,8.99
1245,1418,P046,4,9.99
1246,1418,P027,1,15.99
1247,1418,P044,5,14.99
1248,1419,P002,4,29.99
1249,1420,P004,1,249.99
1250,1420,P043,2,8.99
1251,1421,P049,3,4.99
1252,1421,P011,2,69.99
1253,1421,P019,1,129.99
1254,1422,P014,1,24.99
1255,1422,P049,3,4.99
1256,1422,P035,4,24.99
1257,1423,P040,5,4.99
1258,1424,P048,5,8.99
1259,1424,P042,4,5.99
1260,1425,P033,3,14.99
1261,1425,P045,1,11.99
1262,1426,P025,5,59.99
1263,1426,P027,1,15.99
1264,1426,P044,1,14.99
1265,1426,P021,3,49.99
1266,1427,P040,4,4.99
1267,1427,P050,2,19.99
1268,1428,P049,5,4.99
1269,1428,P038,2,12.99
1270,1428,P035,2,24.99
1271,1429,P029,1,44.99
1272,1429,P012,2,109.99
1273,1429,P044,2,14.99
1274,1430,P008,5,149.99
1275,1430,P025,3,59.99
1276,1430,P003,2,79.99
1277,1430,P028,2,29.99
1278,1430,P018,5,45.99
1279,1431,P001,2,899.99
1280,1431,P022,1,35.99
1281,1431,P030,2,34.99
1282,1432,P039,5,9.99
1283,1432,P004,3,249.99
1284,1432,P050,4,19.99
1285,1433,P036,5,44.99
1286,1433,P023,2,19.99
1287,1433,P005,2,349.99
1288,1433,P046,5,9.99
1289,1433,P021,1,49.99
1290,1434,P011,3,69.99
1291,1434,P027,2,15.99
1292,1434,P035,2,24.99
1293,1434,P026,3,24.99
1294,1434,P006,3,12.99
1295,1435,P019,5,129.99
1296,1435,P014,5,24.99
1297,1435,P049,4,4.99
1298,1436,P049,3,4.99
1299,1436,P042,4,5.99
1300,1436,P001,2,899.99
1301,1436,P008,5,149.99
1302,1436,P043,5,8.99
1303,1437,P003,3,79.99
1304,1437,P044,4,14.99
1305,1438,P025,3,59.99
1306,1439,P047,3,6.99
1307,1439,P019,5,129.99
1308,1439,P002,5,29.99
1309,1439,P034,4,5.99
1310,1439,P050,4,19.99
1311,1440,P019,2,129.99
1312,1441,P033,2,14.99
1313,1441,P006,5,12.99
1314,1441,P007,5,34.99
1315,1442,P041,1,3.99
1316,1443,P043,2,8.99
1317,1443,P041,4,3.99
1318,1444,P014,5,24.99
1319,1445,P042,2,5.99
1320,1445,P005,1,349.99
1321,1445,P048,4,8.99
1322,1445,P044,3,14.99
1323,1446,P006,1,12.99
1324,1447,P012,3,109.99
1325,1448,P005,4,349.99
1326,1448,P037,4,7.99
1327,1448,P015,4,39.99
1328,1448,P017,4,449.99
1329,1448,P027,3,15.99
1330,1449,P025,1,59.99
1331,1450,P001,5,899.99
1332,1450,P042,1,5.99
1333,1450,P047,1,6.99
1334,1450,P040,3,4.99
1335,1450,P005,5,349.99
1336,1451,P019,3,129.99
1337,1452,P006,4,12.99
1338,1452,P019,1,129.99
1339,1452,P049,4,4.99
1340,1452,P029,2,44.99
1341,1452,P025,5,59.99
1342,1453,P009,4,89.99
1343,1453,P048,5,8.99
1344,1454,P041,3,3.99
1345,1454,P010,1,79.99
1346,1454,P020,5,89.99
1347,1455,P010,5,79.99
1348,1455,P008,4,149.99
1349,1455,P003,5,79.99
1350,1455,P001,5,899.99
1351,1455,P037,1,7.99
1352,1456,P014,3,24.99
1353,1456,P048,2,8.99
1354,1456,P047,4,6.99
1355,1457,P010,3,79.99
1356,1457,P011,2,69.99
1357,1457,P012,1,109.99
1358,1457,P015,2,39.99
1359,1457,P040,5,4.99
1360,1458,P049,5,4.99
1361,1459,P042,1,5.99
1362,1459,P036,3,44.99
1363,1459,P005,1,349.99
1364,1459,P019,2,129.99
1365,1460,P032,2,8.99
1366,1460,P022,1,35.99
1367,1460,P023,3,19.99
1368,1460,P009,5,89.99
1369,1460,P043,1,8.99
1370,1461,P021,4,49.99
1371,1461,P032,3,8.99
1372,1462,P043,5,8.99
1373,1462,P020,5,89.99
1374,1462,P045,3,11.99
1375,1462,P038,3,12.99
1376,1462,P010,4,79.99
1377,1463,P001,2,899.99
1378,1463,P021,2,49.99
1379,1464,P018,3,45.99
1380,1464,P024,4,29.99
1381,1464,P009,4,89.99
1382,1464,P044,4,14.99
1383,1465,P050,5,19.99
1384,1465,P020,1,89.99
1385,1465,P032,2,8.99
1386,1466,P006,3,12.99
1387,1466,P018,1,45.99
1388,1466,P009,1,89.99
1389,1466,P035,1,24.99
1390,1466,P013,5,449.99
1391,1467,P038,5,12.99
1392,1468,P050,5,19.99
1393,1468,P038,3,12.99
1394,1468,P014,5,24.99
1395,1468,P003,5,79.99
1396,1469,P042,4,5.99
1397,1469,P050,2,19.99
1398,1469,P010,5,79.99
1399,1469,P024,3,29.99
1400,1470,P030,5,34.99
1401,1470,P033,1,14.99
1402,1471,P024,2,29.99
1403,1471,P033,5,14.99
1404,1471,P001,2,899.99
1405,1471,P043,5,8.99
1406,1472,P029,2,44.99
1407,1472,P011,5,69.99
1408,1473,P043,3,8.99
1409,1473,P010,1,79.99
1410,1473,P048,2,8.99
1411,1473,P047,4,6.99
1412,1473,P031,2,15.99
1413,1474,P017,3,449.99
1414,1475,P003,2,79.99
1415,1475,P043,5,8.99
1416,1476,P025,1,59.99
1417,1476,P031,1,15.99
1418,1476,P030,3,34.99
1419,1477,P046,5,9.99
1420,1478,P048,5,8.99
1421,1478,P017,5,449.99
1422,1478,P038,2,12.99
1423,1479,P042,1,5.99
1424,1479,P025,5,59.99
1425,1479,P024,3,29.99
1426,1479,P038,4,12.99
1427,1480,P034,3,5.99
1428,1480,P026,3,24.99
1429,1481,P031,2,15.99
1430,1481,P039,4,9.99
1431,1481,P001,2,899.99
1432,1481,P033,2,14.99
1433,1482,P033,3,14.99
1434,1483,P010,2,79.99
1435,1483,P012,3,109.99
1436,1484,P046,3,9.99
1437,1484,P008,1,149.99
1438,1484,P043,4,8.99
1439,1484,P015,4,39.99
1440,1484,P027,4,15.99
1441,1485,P038,4,12.99
1442,1485,P011,1,69.99
1443,1486,P003,5,79.99
1444,1486,P009,5,89.99
1445,1487,P009,5,89.99
1446,1487,P041,1,3.99
1447,1488,P010,5,79.99
1448,1488,P004,4,249.99
1449,1488,P011,5,69.99
1450,1488,P017,5,449.99
1451,1488,P012,1,109.99
1452,1489,P006,5,12.99
1453,1489,P014,4,24.99
1454,1489,P029,4,44.99
1455,1490,P015,5,39.99
1456,1490,P027,2,15.99
1457,1491,P050,3,19.99
1458,1491,P012,2,109.99
1459,1491,P040,3,4.99
1460,1491,P043,4,8.99
1461,1491,P033,5,14.99
1462,1492,P005,1,349.99
1463,1492,P015,2,39.99
1464,1492,P025,5,59.99
1465,1492,P009,5,89.99
1466,1492,P007,4,34.99
1467,1493,P039,2,9.99
1468,1493,P007,4,34.99
1469,1494,P039,1,9.99
1470,1494,P003,1,79.99
1471,1494,P035,4,24.99
1472,1494,P033,2,14.99
1473,1494,P049,5,4.99
1474,1495,P001,5,899.99
1475,1495,P050,4,19.99
1476,1495,P044,3,14.99
1477,1495,P042,1,5.99
1478,1495,P028,5,29.99
1479,1496,P015,3,39.99
1480,1496,P031,5,15.99
1481,1496,P050,5,19.99
1482,1496,P025,1,59.99
1483,1497,P009,2,89.99
1484,1497,P017,1,449.99
1485,1497,P031,3,15.99
1486,1497,P050,5,19.99
1487,1498,P027,1,15.99
1488,1498,P017,5,449.99
1489,1498,P013,5,449.99
1490,1498,P001,1,899.99
1491,1498,P046,5,9.99
1492,1499,P025,2,59.99
1493,1500,P027,2,15.99
1494,1500,P024,4,29.99
1495,1500,P007,5,34.99
